tri_count, volume, avg_time
20, 0.158506, 74.23625
80, 0.2286694, 138.06374999999997
320, 0.2529378, 371.76750000000004
1280, 0.2595427, 1258.875
5120, 0.2612325, 4769.3725